Area,Eccentricity,Solidity,Extent,Perimeter,MajorAxisLength,MinorAxisLength,mean_intensity,std_intensity
0.08347733,0.10081342,0.12979588,0.10948146,0.08318231,0.07961394,0.09987216,0.16018319,0.15358031
