Area,Eccentricity,Solidity,Extent,Perimeter,MajorAxisLength,MinorAxisLength,mean_intensity,std_intensity,Area_1,Eccentricity_1,Solidity_1,Extent_1,Perimeter_1,MajorAxisLength_1,MinorAxisLength_1,mean_intensity_1,std_intensity_1,Area_2,Eccentricity_2,Solidity_2,Extent_2,Perimeter_2,MajorAxisLength_2,MinorAxisLength_2,mean_intensity_2,std_intensity_2,Area_3,Eccentricity_3,Solidity_3,Extent_3,Perimeter_3,MajorAxisLength_3,MinorAxisLength_3,mean_intensity_3,std_intensity_3,Area_4,Eccentricity_4,Solidity_4,Extent_4,Perimeter_4,MajorAxisLength_4,MinorAxisLength_4,mean_intensity_4,std_intensity_4,Area_5,Eccentricity_5,Solidity_5,Extent_5,Perimeter_5,MajorAxisLength_5,MinorAxisLength_5,mean_intensity_5,std_intensity_5
0.023614326,0.024241077,0.030094113,0.019055225,0.01461743,0.016972797,0.026242632,0.038858507,0.036068458,0.015486793,0.019469688,0.019692084,0.01767031,0.012595655,0.013262841,0.021026455,0.023897374,0.023482911,0.014758954,0.018721633,0.017902814,0.015992237,0.0106244255,0.012302498,0.01928773,0.021319613,0.02214854,0.013940135,0.019247293,0.018499237,0.015426139,0.011514006,0.0112815015,0.018681196,0.02222941,0.020702971,0.013242623,0.018863156,0.018145427,0.015031894,0.011898143,0.012686635,0.018933918,0.022997685,0.020541228,0.013545889,0.017468132,0.018691305,0.013778393,0.010321159,0.01192847,0.019166423,0.020874823,0.020955693
