Area,Eccentricity,Solidity,Extent,Perimeter,MajorAxisLength,MinorAxisLength
0.122201495,0.14458956,0.18676706,0.1472548,0.13219616,0.11733742,0.14965352
