Area,Eccentricity,Solidity,Extent,Perimeter,MajorAxisLength,MinorAxisLength,mean_intensity,std_intensity
0.083971895,0.10300354,0.1296776,0.11673959,0.08813802,0.083701365,0.09500943,0.15484346,0.14491509
