Area,Eccentricity,Solidity,Extent,Perimeter,MajorAxisLength,MinorAxisLength
0.11135346,0.16714041,0.16911678,0.16605382,0.13351864,0.12424312,0.12857379
