Area,Eccentricity,Solidity,Extent,Perimeter,MajorAxisLength,MinorAxisLength,mean_intensity,std_intensity
0.082020104,0.106142856,0.12397873,0.10846927,0.084083416,0.08863932,0.10029911,0.16093832,0.14542887
