Area,Eccentricity,Solidity,Extent,Perimeter,MajorAxisLength,MinorAxisLength
0.1074194,0.15705414,0.17809376,0.16950585,0.13690616,0.11760289,0.1334178
