Area,Eccentricity,Solidity,Extent,Perimeter,MajorAxisLength,MinorAxisLength,mean_intensity,std_intensity,Area_1,Eccentricity_1,Solidity_1,Extent_1,Perimeter_1,MajorAxisLength_1,MinorAxisLength_1,mean_intensity_1,std_intensity_1,Area_2,Eccentricity_2,Solidity_2,Extent_2,Perimeter_2,MajorAxisLength_2,MinorAxisLength_2,mean_intensity_2,std_intensity_2,Area_3,Eccentricity_3,Solidity_3,Extent_3,Perimeter_3,MajorAxisLength_3,MinorAxisLength_3,mean_intensity_3,std_intensity_3,Area_4,Eccentricity_4,Solidity_4,Extent_4,Perimeter_4,MajorAxisLength_4,MinorAxisLength_4,mean_intensity_4,std_intensity_4,Area_5,Eccentricity_5,Solidity_5,Extent_5,Perimeter_5,MajorAxisLength_5,MinorAxisLength_5,mean_intensity_5,std_intensity_5
0.024058554,0.02232948,0.02925639,0.019921502,0.014723666,0.016601251,0.02662565,0.040925004,0.04035218,0.01729076,0.018266682,0.01925321,0.017333193,0.012814257,0.012814257,0.020398855,0.025045084,0.021756656,0.01621937,0.017746897,0.018797072,0.016166331,0.010533574,0.012962767,0.018913759,0.023294792,0.022753792,0.014553941,0.017842367,0.018934974,0.015476822,0.009706163,0.011445847,0.018447014,0.02158693,0.021194441,0.013843216,0.017715074,0.01851066,0.015667763,0.009928928,0.011414023,0.017280152,0.022085499,0.02124748,0.014776705,0.017078605,0.017842367,0.014543333,0.00986528,0.011329161,0.018001486,0.021406598,0.021120187
